"0","Plan one","Mission score stay question population process future else establish process almost give","Weapon","72"
"1","You work","Should two meet other close every just least democratic","Book","89"
"2","Recent","Cause especially like practice century go east trip","Food","23"
"3","Already employee","Threat black president heart follow game good fish money fight","Weapon","92"
"4","Anyone","Everything those whose choose second listen","Food","49"
"5","Through","Size try nearly community summer third","Food","78"
"6","After","Board happen gas million such region over return their down","Electronics","65"
"7","Forward","Section performance gas wind specific general must their form job fall do","Electronics","35"
"8","Growth","Treatment challenge vote maintain suddenly eight clear environmental near future walk","Book","46"
"9","Bill during","Enough accept stay much think environmental floor air","Electronics","73"
"10","Drive rather","Factor camera agree direction service ask behavior financial front relate investment both","Electronics","22"
"11","You","Way happy bad economic voice trial push simply","Book","64"
"12","Face","Decision sport pay somebody suggest draw opportunity","Electronics","75"
"13","Record","Tough adult possible six life see past money","Food","78"
"14","Interest","Other set meet civil avoid material line","Weapon","32"
"15","Single","Value team majority would author pressure","Electronics","44"
"16","Tv sure","Third three sister cut product have threat general others step forget building ground","Food","44"
"17","With teacher","Center hope executive weight group class argue create behavior ten effort kitchen into","Book","70"
"18","Nature cost","List newspaper up year particular maybe within","Electronics","26"
"19","Attorney","Her however modern along various century energy reduce old with","Weapon","99"
"20","Phone","Statement stay performance Mrs particular fly oil smile know board","Weapon","37"
"21","Kind probably","History blood whose marriage kid several scientist relate woman strategy","Food","16"
"22","Middle once","Kind development impact plant conference and perform entire matter some man interview three","Food","61"
"23","Ten","Street line loss morning pretty live whether every also will because could","Food","82"
"24","Wrong Mr","Myself direction message age hand conference I art","Food","97"
"25","Work fill","Worker receive production maintain food sure vote economic gas five","Book","73"
"26","Score four","Suddenly myself imagine kitchen bag read himself agent reason she","Book","39"
"27","Take","Pattern a article outside drive former them skill middle","Food","2"
"28","Artist","West their free baby opportunity environmental","Book","44"
"29","Oil popular","Accept nation into however his put money kind quickly grow make free month","Weapon","12"
"30","Person conference","Generation almost score city condition who lead who low Republican since","Electronics","46"
"31","Minute","Reduce skill environmental create health particular","Electronics","26"
"32","Summer color","Skin past head leader often image crime night environment point fine","Weapon","92"
"33","Huge","Along son make time since meet news economic","Weapon","96"
"34","When seven","Change even site campaign your among now","Weapon","21"
"35","Let summer","Life picture surface TV it ask information season eat","Weapon","37"
"36","Story yet","Option writer reach risk painting camera film leave military daughter be cause bring","Food","65"
"37","Until American","Understand contain put information cut act place go produce five forget poor bed","Weapon","5"
"38","Require explain","Surface between soon decide street pretty second","Weapon","82"
"39","Leave","Ever such able far sing hand","Weapon","97"
"40","President","Culture ability beat still politics town","Food","13"
"41","Quality","Firm phone conference someone relate modern owner it message","Food","34"
"42","High body","Prepare important ball somebody nation arm","Electronics","47"
"43","Bit","Grow story alone forward wait occur first test senior","Electronics","12"
"44","Matter physical","Marriage grow another car behavior game including all TV imagine common","Weapon","59"
"45","Hear","Performance simply put detail spring away thing bed concern worker drive sit feeling","Electronics","0"
"46","Soldier around","Realize season small long create chair they","Electronics","26"
"47","Opportunity","Decade attack child sister current sister","Weapon","88"
"48","Act left","Even against talk relate theory magazine cup create air six think","Electronics","87"
"49","Consider treat","Science find west include environment president station visit indeed school because until","Electronics","99"
"50","Loss rock","Kid many space live measure agree guy star film these issue everyone camera","Book","17"
"51","Marriage no","Term manager well area probably line and recently pay reach direction baby drop","Weapon","72"
"52","Stock","Player degree window training someone number family","Book","87"
"53","Draw","Represent deal strong always single test operation development trip song sure seat model","Electronics","63"
"54","Notice","Air her key hear remember similar rise employee","Food","86"
"55","Officer about","Half buy successful government other situation","Food","71"
"56","Coach","House each black set third situation","Book","38"
"57","Make","Reveal difficult article certain director good toward street process work low plan education","Weapon","52"
"58","Writer","Article audience story debate provide with style kind win safe question","Electronics","16"
"59","Such","Make available tree attention agreement able nation foot","Electronics","46"
"60","Direction","Nature often smile serious final develop turn machine condition down town will","Electronics","7"
"61","First Mr","Amount middle us nearly drop quickly","Book","7"
"62","Level","By us analysis collection three throughout","Electronics","85"
"63","Quickly involve","Kitchen now easy environment heart hot Congress wear fall view energy defense tax","Book","59"
"64","Behind","Follow attention act hand process anyone nor even common over next","Food","65"
"65","Study","Yeah whole more understand as girl people","Food","54"
"66","Large important","Effect six too trip then music threat party industry relate affect","Book","51"
"67","Require along","Quickly trouble air easy dark deal among position onto control","Food","53"
"68","Rule","Themselves character international account western only four a decision off sell require","Weapon","72"
"69","Data happen","Gun national minute trial water exist page school another sell hope power hour","Book","83"
"70","However","The prevent quickly foot star guy former opportunity article alone kid important risk","Food","76"
"71","Week","Ten bed street down teach with","Food","29"
"72","Military","Should think stay special behavior the buy speak what someone himself","Weapon","22"
"73","Many agency","Finally raise staff why college me fast bit","Weapon","66"
"74","Ball stop","Hear or work quality get able where really successful","Book","9"
"75","Report","Not item education shake reduce office decide","Food","26"
"76","Time","Attorney heavy six mean million both decision room fine scene out","Food","55"
"77","Successful animal","Available song television conference staff discover society ready left hotel thank Democrat one","Book","11"
"78","Call","To whose return war address guy month not ahead thank case","Book","88"
"79","Like","Democratic perform tonight realize rate staff ball pressure indicate response","Food","72"
"80","Share toward","Couple image understand others baby dream fall represent itself","Weapon","6"
"81","Artist hot","Sometimes bill both after analysis while","Book","62"
"82","Stop","Of why day door sit authority probably","Book","99"
"83","Well","Task much region give project particular itself here low view statement","Electronics","27"
"84","Within candidate","She professional positive must and speech country admit follow break drop fish","Weapon","86"
"85","First crime","Eat heart history sort option two others easy send account consumer feeling follow","Food","75"
"86","Wife travel","Give easy put customer though for strategy various","Electronics","47"
"87","Our","Word be water career whatever ten far available baby cause onto worker mother other","Book","71"
"88","Read benefit","Sense stock story glass employee listen require","Book","89"
"89","Serve far","Crime management effort actually skin enter fight worry cell foot","Electronics","13"
"90","Front pass","Project family always address successful film product international","Weapon","17"
"91","Ready politics","Stop last feeling live though really table today yet bit knowledge coach owner","Weapon","24"
"92","Color","Up behavior threat hand social some man maybe among everyone involve never","Electronics","36"
"93","Affect reveal","Drive position wish different age indeed base","Book","10"
"94","Red","Oil professor help business beautiful especially southern","Food","63"
"95","Difference","Goal sing challenge market management continue force rather choice","Electronics","80"
"96","Meeting drop","Language Mrs raise black everyone official up material country","Book","8"
"97","Leader","Game follow range tonight yet most walk","Book","43"
"98","Personal this","Amount figure customer top just mind mother","Electronics","79"
"99","Despite","Relationship what agency later image meet small road","Weapon","61"
"100","Experience","Investment cultural responsibility bag glass base","Weapon","91"
"101","Country wish","Amount maybe figure off reason watch argue cold ever idea edge response","Book","42"
"102","Sound task","Air senior challenge event today rock message only","Weapon","85"
"103","Kitchen","Key program because account final discover success reach radio still car","Weapon","21"
"104","Language","Suggest wish travel admit allow reduce everybody especially our impact baby against despite","Electronics","85"
"105","Red month","Follow particular author machine network value require pick just officer down single","Electronics","69"
"106","Answer positive","Argue page important toward deal follow","Weapon","87"
"107","Debate situation","Statement number everyone peace can expect realize air school yourself near receive hear","Electronics","85"
"108","Information","House himself feeling evening center official product focus detail article husband","Weapon","3"
"109","Back","Produce majority science between myself better lose guy prepare civil","Book","56"
"110","Scene","Car fear measure south clearly country support young capital off tough difference","Weapon","97"
"111","Federal few","Audience just really sport couple go up","Electronics","33"
"112","System","Usually detail image vote account themselves significant","Weapon","76"
"113","Husband","New and rich attack serve court realize rest oil official station those","Food","75"
"114","Price make","Health Republican we that about executive computer fear we","Electronics","87"
"115","Push","Language indeed bring account candidate best small hold","Book","56"
"116","Cultural at","Shoulder past argue every factor night establish","Weapon","50"
"117","Oil","Help them response seat strategy success list campaign happen what","Food","92"
"118","Conference tonight","One arm fill character court its property trade ready","Food","74"
"119","Woman","Tv police officer security reason every","Food","7"
"120","Control","Garden free back practice happen walk think agent record structure one","Food","18"
"121","Blue side","Network language suffer land lot final safe pull magazine defense firm main successful","Book","77"
"122","Theory","Degree cultural rule including physical safe put same former picture","Electronics","0"
"123","Hot","Inside official hold official attack better even onto story","Food","90"
"124","If guess","Upon require speak school night international else wish peace know draw better red","Electronics","86"
"125","Control something","Science door bar save lose bank","Food","3"
"126","Traditional","Worry big indeed tree visit here give own note along","Food","25"
"127","Ability picture","Wonder accept measure three avoid population leave speak behind student civil near","Weapon","23"
"128","Letter at","Spend agree his performance watch sign than on bar occur surface","Weapon","20"
"129","Alone analysis","Garden he market voice art by will leader management music","Electronics","93"
"130","Same","Body media discover easy agent professor show traditional show party wall","Food","14"
"131","Campaign difference","Rate myself big capital product open","Weapon","19"
"132","Condition maintain","Career various ready really girl sure fund environment including position","Food","79"
"133","Shoulder","South up charge else that suffer should rest take little beyond road","Book","77"
"134","Dream cover","Various computer effort between collection talk officer tend include increase","Book","71"
"135","Short","Tough floor try indeed send girl likely","Book","4"
"136","Father","Model town few majority past camera almost relationship hour able","Book","39"
"137","Information as","Difficult yard age star member entire","Book","28"
"138","Economy","Sit base though less age series series the sometimes","Weapon","48"
"139","Theory let","Popular account shake cultural state itself several president yard mission suggest site page","Weapon","86"
"140","Religious herself","Specific apply staff from race street perform","Book","80"
"141","Finally","Direction job television off sure skill","Electronics","60"
"142","Tv subject","Popular scientist any turn blue college receive significant energy reduce","Food","21"
"143","Skill admit","Stage visit strategy speak well hit doctor both","Book","24"
"144","Message","Traditional person administration reflect history talk system effect force research","Electronics","26"
"145","Say professional","Allow eat position story sense painting at baby figure home","Weapon","52"
"146","Half","Price sort manager strong company attention natural next","Weapon","29"
"147","Indeed","Building spend suggest possible whom pick very southern thus he behind certainly","Food","28"
"148","Thousand opportunity","Daughter country cut environment edge name down of","Book","84"
"149","Easy popular","Phone lose try consumer all key","Book","28"
"150","Music resource","Red accept popular line stage democratic sing read","Weapon","81"
"151","Moment thus","Along marriage east trial cut life fear","Electronics","74"
"152","New article","American case power teacher member simple model off official authority","Weapon","45"
"153","Billion","Her once success four into lay game huge low rule item never","Food","95"
"154","Cut","Child half plant visit rather she trade","Food","96"
"155","Goal our","Admit card author interview rule bag offer employee get sound","Weapon","86"
"156","Out","Skill behind light wall matter different left","Food","45"
"157","Need generation","Similar attack finally price car data serious future expect least vote claim but","Electronics","19"
"158","Image among","Federal board data newspaper I wide campaign might south expert throw step information","Weapon","33"
"159","Pretty admit","Expert lawyer indeed response doctor watch","Book","96"
"160","Can election","Throughout little who environment decade difficult gun single animal pass find man","Food","70"
"161","Way great","Score general behind staff design rise","Weapon","4"
"162","Wife run","Learn expect forward huge add half up","Weapon","41"
"163","Face pay","Number wife as from south detail include join","Book","63"
"164","Bag","Really effect culture glass executive in movement may poor do class door","Electronics","29"
"165","Even","Night skill exist pass foot bit","Weapon","92"
"166","Way","Coach production professor past contain investment expert something world main case attack","Electronics","57"
"167","Responsibility expect","Whether operation necessary some color step account join three prepare direction after listen prevent","Food","44"
"168","Picture run","Since population develop amount mouth pattern behavior travel kitchen carry movement","Weapon","92"
"169","Range","Line attention take evidence any name measure","Electronics","65"
"170","Speak","Professional sometimes still rest raise nor your education century toward large over federal","Weapon","15"
"171","Consumer","Any eat also her cultural may explain","Book","78"
"172","Special cell","Present budget particular ok something not better","Weapon","86"
"173","Manager pass","Analysis medical mouth station growth create","Book","34"
"174","Blue","Great too song tend poor out event","Food","55"
"175","Them finish","Billion past deep network control sound occur thousand fall challenge","Electronics","24"
"176","See","High poor energy news alone card culture help","Weapon","11"
"177","Body relationship","Play have whole building newspaper candidate natural lead even relationship article other image","Food","24"
"178","Girl improve","Lay upon hard hundred country how down final","Electronics","7"
"179","So level","Stuff police people country different prepare wait movie adult summer","Electronics","17"
"180","Lead","Life song somebody minute question few old plan","Food","30"
"181","Them","Hear worry box onto would behind may matter hope evening herself whatever across","Book","84"
"182","Yet television","Money everything represent care method wide scene upon wonder","Electronics","86"
"183","Line despite","Nation reach write certain wide give front manager course avoid condition","Book","53"
"184","Thus","Air hundred clear tough moment soldier around oil college low fact nature","Electronics","80"
"185","Administration culture","Weight conference service social protect style others response fly trouble","Food","43"
"186","Play","Key newspaper theory job free product behind suffer to remain","Book","16"
"187","Natural road","Feeling none name situation west remain so expert southern ball young","Book","54"
"188","Bed cover","Common author hot role me bar so provide old clearly administration style","Book","37"
"189","Theory sell","Conference travel include that real share computer politics nothing military fall certain prove","Electronics","22"
"190","Speech","Sea PM us fill analysis hope safe picture","Food","24"
"191","Positive organization","Goal thousand enjoy from tonight up popular or benefit","Electronics","73"
"192","Inside","Nature property bank soon risk my others order director","Electronics","8"
"193","All","Suffer process radio something project boy some away production development always","Weapon","97"
"194","Decision","Each certainly season region crime son yes bad citizen break save","Food","58"
"195","Tend society","Yeah employee per name tell war conference around","Book","63"
"196","Candidate","Have couple environment citizen size author year letter fast yes","Food","3"
"197","Within","Cut put tree choice someone prepare business our","Weapon","38"
"198","Nearly play","Role partner management room safe sell present community direction today best skin first","Book","15"
"199","Audience long","Computer police return do may bad important second computer cold event","Weapon","29"
"200","Consider","Stay parent behavior each data money fall public in decade explain security","Weapon","23"
"201","Eat after","Too particularly represent arm ready foreign whose us strategy recent hotel population husband impact","Food","18"
"202","Seven happen","Hear run available summer page discover","Weapon","5"
"203","West","Sort heavy degree wonder make rock could consumer","Weapon","64"
"204","Political","Agent wait like company office spring wear let throw election line meet modern deep","Weapon","65"
"205","Million international","Minute dinner at hold white spend story the partner positive","Book","84"
"206","Size","Sister yet fast force hour institution already","Weapon","8"
"207","Former wife","Nor political whose future realize class accept main doctor ability security culture","Food","89"
"208","Cover debate","Camera special national employee lose organization foreign pass","Book","2"
"209","Significant share","Every feel huge miss hospital ball east choice mind","Book","51"
"210","Floor east","Fall clear ten ask later doctor nothing chance community","Book","51"
"211","Effect","Team into arm relate maybe whose seem put entire PM able partner","Electronics","37"
"212","Sense decade","Hot stand nature high break sort behavior director no him","Book","2"
"213","Entire away","Executive road us back each decide source","Weapon","2"
"214","Six","Enjoy than occur occur travel beyond item debate him alone","Electronics","54"
"215","Mean performance","Approach discover picture defense admit book","Book","54"
"216","Shoulder field","Many house often police resource season audience should oil its","Book","57"
"217","Human feel","Against song happen Congress friend green near item serve","Weapon","99"
"218","Far couple","Lot travel that set accept city mother last score however reach serve assume","Electronics","68"
"219","Effect media","Interesting eat be air yourself best pick write","Electronics","40"
"220","Road young","Play before nearly born herself how interest oil","Book","40"
"221","Identify","Idea behind street fish majority help pull think maintain camera two enter","Book","86"
"222","Near discuss","Avoid Congress list community theory save home sure","Book","20"
"223","Commercial","Born trial generation community ball of instead tonight","Book","76"
"224","Party bit","Major hope economy important much loss computer tell","Food","56"
"225","Interest few","Family I history exist television along sure","Food","29"
"226","Serious","Similar bed option half whose model offer those door will floor","Food","4"
"227","Position","Finally wear each five idea authority position recently site bed foot opportunity","Food","83"
"228","Life than","Since any cause computer throughout able how white visit stand mother","Food","98"
"229","Morning movement","Skill cell local society Democrat here ever would reveal all leg west","Electronics","66"
"230","Go record","Forward suggest happen soldier human they area threat image arm","Weapon","81"
"231","Later stop","Check if boy goal develop health billion","Food","96"
"232","Woman and","Traditional suggest event organization top through technology thing risk value two technology","Food","53"
"233","Law","New quite threat few speak place color","Weapon","19"
"234","Director compare","Read painting range sit today book support size city bar center these","Food","98"
"235","Know laugh","After beat entire think explain out purpose whole place I item","Food","7"
"236","Know contain","Season success foreign however government trouble value energy moment","Weapon","79"
"237","Information black","Yes find wait design no such","Electronics","62"
"238","Garden parent","Health learn west happy increase always for natural we provide","Weapon","50"
"239","Indicate","Check country outside create performance such movie address service","Food","60"
"240","Poor draw","Positive same amount hear scene study window","Electronics","40"
"241","Already","Decision camera I write up nice","Book","52"
"242","Street","Defense live center friend job rather politics lay foot respond ready meeting","Electronics","70"
"243","Miss door","Can already side image leg quite improve kitchen","Weapon","27"
"244","Industry writer","Determine population power them authority attorney audience want bad continue certain drive","Book","41"
"245","Range Republican","Should notice market building hot style might evidence into","Weapon","72"
"246","High about","Half watch exactly standard big affect consider","Food","22"
"247","Help","Together bar really stuff something yes security add service","Electronics","28"
"248","People","Ground wait accept number brother necessary","Book","81"
"249","Need friend","Those similar training politics ahead make arm always","Weapon","69"
"250","Role west","Bar military manage company much both they join","Book","2"
"251","Young current","Relationship determine on follow choice author serve more the","Book","98"
"252","Amount","Behavior people management from purpose whom health deal among place decide","Food","85"
"253","Will","Letter form character opportunity particular describe help true whether sense play system he","Food","0"
"254","Among","Vote term memory recently pretty PM source clear dog fast","Electronics","78"
"255","Material","Someone white enjoy join goal test animal enough southern particular institution","Weapon","44"
"256","Nation fall","None attack same base site many cold firm push student perhaps","Book","29"
"257","Hundred doctor","Within above rather bank condition reduce energy","Electronics","77"
"258","Join","Base star person recent election wonder low","Book","10"
"259","Boy her","Chair cut early shoulder blood left deal particularly night","Electronics","77"
"260","Ok stock","Month at hospital thank what person put see age those","Weapon","96"
"261","Five change","Behavior purpose nor oil forget heart truth nothing","Food","46"
"262","Close","Single special now until buy seven west","Electronics","90"
"263","Plant support","Write state early game different forward human customer","Weapon","74"
"264","Issue","Agreement according mother protect pretty notice know star teach sing against","Weapon","96"
"265","Fact economic","Life this drug itself prove enjoy someone him source forward section reveal walk","Weapon","19"
"266","Spend","Drive inside nice indeed top west increase little","Weapon","80"
"267","Popular","Computer bank anyone environmental couple fall order record","Electronics","37"
"268","Significant","Somebody nor energy eye week clearly leave although nearly maintain evidence alone feeling next","Electronics","23"
"269","Describe","Source court relationship campaign mention treatment imagine community value store suddenly","Weapon","54"
"270","Federal only","Half official mention quite concern miss home painting rock","Food","93"
"271","Person national","Gun thing growth hair follow time set nor owner sell hotel western key do","Weapon","49"
"272","Individual","Ok produce again leg field activity sing hour offer","Food","2"
"273","Build then","Green various part kitchen store medical account note respond magazine speech","Book","29"
"274","Kid apply","Standard south include mission scene decision","Electronics","28"
"275","Major","Lot project hundred behind section artist road arm stuff director","Electronics","42"
"276","Chance","Edge three tend growth activity door its light protect kind himself business","Electronics","41"
"277","Red store","Service commercial generation without wonder teacher put","Electronics","52"
"278","Recently","Space plant six agree draw speech behind office suggest left our","Food","1"
"279","Carry","Process experience artist everyone white staff none","Electronics","74"
"280","How","Music time option rich reflect onto of walk plant sign citizen","Weapon","85"
"281","Down cold","Unit visit pay budget kitchen upon scene natural television field point","Electronics","92"
"282","Page very","Score share push kid write box history culture sometimes happy","Electronics","86"
"283","Head medical","East chance religious most become husband though huge this many term reflect shoulder","Food","5"
"284","Whether","Station suffer book score within occur concern happen resource out close much authority","Book","4"
"285","Stay fall","Tree yet option my serve bed","Electronics","64"
"286","Begin recently","Model defense store guess agree popular maybe read model perhaps his","Electronics","89"
"287","Around","Expert here four him suffer lawyer light run decision","Food","51"
"288","Decision into","Small total then action laugh doctor speech action cold most","Book","67"
"289","Middle","Meet southern during behind senior rise direction he democratic","Weapon","69"
"290","Whose pressure","Bed few there energy hundred low south","Weapon","46"
"291","Nothing author","Particular building end return ever try product thing beyond attention last","Weapon","25"
"292","Life girl","Main us significant age everyone represent tonight","Electronics","66"
"293","Hot affect","Themselves upon his fly development region scientist focus feel firm","Electronics","0"
"294","Concern","Young significant now when test simple","Book","75"
"295","Boy explain","Subject case group myself discuss arrive position herself around","Weapon","61"
"296","Health worker","Live blood some between animal raise bring those push threat answer occur","Electronics","59"
"297","Look sister","Line kid force wide house water rock look old week","Food","69"
"298","Effect lot","Reality series treatment major contain suddenly between why result imagine","Electronics","73"
"299","Important brother","Offer difficult particular sound difficult effect read seat impact would general","Food","0"
"300","Ever","Why response young group carry foot mission never bank rule say","Weapon","56"
"301","Station keep","Bring address where indicate decision southern growth","Food","72"
"302","Memory run","Lead federal focus long sea teacher","Electronics","43"
"303","Make economy","Know politics food month bit no person off tree","Food","11"
"304","Couple","Street take former describe need eight high mission","Food","59"
"305","Network","Common range prepare player east including consumer your edge admit","Food","48"
"306","Step","Alone development article election machine affect","Electronics","91"
"307","Ground economic","Doctor artist whom value analysis prepare institution place support could risk with more","Weapon","2"
"308","Staff home","Industry culture face shoulder bad home affect wear anything","Electronics","12"
"309","Process","Fast answer development right son real","Electronics","46"
"310","Side","Government throw peace long policy not style lead visit employee better wall","Food","66"
"311","Fact heart","What provide training allow until push story poor according paper discover place group","Food","15"
"312","Her","Point under degree when find east east wrong","Weapon","14"
"313","Let save","Power edge none each training senior former less understand skill bit friend","Food","47"
"314","This skin","Much more federal suffer rich seem plant prepare evidence certain for everybody","Electronics","1"
"315","Avoid young","Goal nation somebody sometimes skin relationship","Food","3"
"316","Director base","What professional cover various second report certain possible him along bring notice outside west","Electronics","21"
"317","Condition","Country peace chair gas participant successful and western in book buy information","Weapon","70"
"318","Force group","Sister study fast wrong carry experience","Electronics","52"
"319","Seven","Bed style board reflect wear similar Congress economic option feel fill about","Electronics","25"
"320","Leg become","Hard indeed example part area fire fight choice factor close national generation","Book","29"
"321","Air collection","Sign air method impact college hot under box whose","Weapon","33"
"322","Result","When training wall sure through matter thank result concern","Book","37"
"323","Thousand through","Ago ask half however suddenly begin health dark","Book","47"
"324","Development manage","Court place history drop series middle","Weapon","54"
"325","Kid network","Property half deal bad people win either bit apply","Food","92"
"326","Inside mind","Simple drug live if news detail run weight room","Book","21"
"327","Child four","Represent general site how key camera thing lead from control","Electronics","98"
"328","Line","Dog write act little unit direction dream candidate recent","Book","84"
"329","Section","Anyone understand result need moment star lay technology recent improve research somebody room","Food","31"
"330","Court strategy","Until area news floor lot task left","Book","8"
"331","Third","Whom response character nature carry our fund experience hold local usually street sing","Weapon","22"
"332","Indicate step","Perhaps spend whom plant cultural day east quickly PM new learn","Food","23"
"333","Personal","You question follow yet meeting outside cover happy office myself himself","Electronics","26"
"334","Maybe","Final get personal character evening nearly consumer usually upon wish","Electronics","59"
"335","Type","Service suggest federal day body customer significant interest thought","Book","38"
"336","Subject particularly","What admit may instead late put method job small much","Electronics","36"
"337","Firm science","Though early tend effort college police direction","Food","81"
"338","Improve check","Teach free beyond pay style work choose simple around million","Electronics","86"
"339","Rate","Church act main too cause father","Food","64"
"340","Pretty","American owner while forget eight look concern consider reason story","Electronics","9"
"341","Goal view","Fund be strong front you coach note and star","Weapon","42"
"342","Lay","Police walk close sister drug yeah unit a improve","Book","43"
"343","Get","Nothing up wind they tell choose new recognize place","Weapon","2"
"344","Film benefit","Total those draw forget relate have","Electronics","55"
"345","Rule protect","Always dinner movie media clear yourself maintain ball really these out","Book","60"
"346","Own","There woman tell music movie section us moment world hear media finish network","Electronics","16"
"347","Listen imagine","Animal save world condition industry memory north clearly identify every certainly decision","Weapon","23"
"348","Quality American","President evening network hair create student safe land","Book","88"
"349","Teacher","Executive door benefit include song oil least stop chair around","Electronics","68"
"350","Ask head","Support fall commercial late black west","Book","80"
"351","Example once","Knowledge field question now reduce myself street scientist window program","Book","52"
"352","Hotel expert","School culture without clearly adult then herself charge Democrat","Weapon","24"
"353","Both","Yes report relate build including other order","Book","97"
"354","Physical","Ground outside language good he probably doctor mean","Electronics","82"
"355","Democratic pay","Recently my owner statement big treatment new","Electronics","52"
"356","Prevent","Then way many debate hear partner value wear","Weapon","4"
"357","Likely","Many shake collection begin out admit forward myself free office culture last culture","Electronics","9"
"358","Election","Someone economic the for sometimes friend probably course catch degree body her","Book","60"
"359","Wide","Ahead town during party production style","Weapon","37"
"360","Matter industry","Door heart city attorney hold ball account recent suddenly","Weapon","36"
"361","Space cultural","Blue style much boy each physical think crime wind hope college","Food","58"
"362","Key","Enjoy outside fall can college history instead ok senior idea my sometimes ago consumer","Electronics","71"
"363","Factor manager","Bad training sometimes perhaps anything majority","Book","91"
"364","Add","Type speech another social process until brother strong star treatment indeed top","Weapon","52"
"365","Put","Guy to plant candidate certain fall national cost","Food","24"
"366","Able","Blood movie daughter day nature example report foot green somebody for","Book","32"
"367","Remember try","Nation happy sound no answer increase true return nor by traditional perform scene","Food","69"
"368","But","Management answer heavy couple industry heavy street large cell","Electronics","3"
"369","Evening agent","Grow tough call arm already concern night","Weapon","58"
"370","Garden","Number PM notice key watch their money watch address such no so","Electronics","30"
"371","After record","Almost continue result those do lot sit","Book","65"
"372","Fire growth","Between administration any safe voice deal campaign owner seem believe bring view ground","Book","72"
"373","Seat","Step almost generation size would fire yourself school true","Book","54"
"374","Now","Of list raise especially consumer owner charge market continue training site three occur","Food","66"
"375","Easy","Job manage ready of program political board apply adult democratic structure apply","Weapon","6"
"376","Read security","Either successful four develop according note either task forward","Weapon","41"
"377","Almost","Adult future phone contain during as eight","Electronics","14"
"378","Market necessary","Party fill surface brother they color travel car receive about body before politics","Food","66"
"379","South will","Discover notice day lot would worker pay","Weapon","32"
"380","Past","Age serve help with place break back hand sell carry population bring","Weapon","6"
"381","Authority behavior","Never recognize between news mind play instead field war sort American","Food","14"
"382","Not war","Ball company clearly never quickly along firm we","Electronics","50"
"383","Until","Serve senior design hand act live voice allow her anyone sure type stop","Weapon","36"
"384","Develop","Building sea ready cold ever first time wife she early window","Food","91"
"385","Believe","Agree field small training remember heart make budget executive compare artist adult","Book","77"
"386","Impact against","Door maintain loss she mind or picture draw argue","Food","91"
"387","Ready teach","Wind point agreement sell together science","Weapon","64"
"388","Far tend","Author base international admit moment such","Electronics","28"
"389","Treatment","Agent possible enjoy particular still why performance way task second","Weapon","67"
"390","Many important","Design until ground window organization such notice different argue officer general guess","Food","49"
"391","Least magazine","Media building physical age safe mother fill individual any report speak everyone shoulder subject","Food","26"
"392","Talk system","Off analysis turn natural may government century prepare","Weapon","53"
"393","New public","Choice peace probably interesting above information administration sign","Book","98"
"394","Set","Road building nature other method movie pick man face radio","Food","16"
"395","Sense well","Foreign both material wrong camera fast recently human toward something daughter","Food","92"
"396","There","Also network security red himself job sound land more sister inside just several","Food","58"
"397","Land","Action social become fish child shake star soon whose business try real build","Electronics","19"
"398","Effort","Born upon this course find peace north","Weapon","73"
"399","Practice","Unit cost administration forward unit program left assume lead alone create deep live","Book","14"
"400","Meeting range","Born deal yourself air he tree","Book","4"
"401","Future","Deal employee son hospital reason six themselves move","Book","15"
"402","Operation newspaper","Family student later have population take guy","Food","48"
"403","Sometimes address","Resource popular let light bed year way","Food","95"
"404","Not","Popular area group go respond relationship open look play war particular drive not","Book","6"
"405","Them listen","Writer point certain turn budget action","Electronics","87"
"406","Sit","Number reality everyone laugh produce prove staff","Food","88"
"407","Deep street","Before however medical little number under avoid business energy worry","Book","78"
"408","Never star","Probably everybody business by push wish baby dog worker reason season my like","Electronics","45"
"409","Glass","Last bed play look property there far because","Weapon","16"
"410","Meeting member","Reach couple school among although evidence road","Book","58"
"411","Performance still","Degree strong over authority one discussion international deal chance ever","Electronics","18"
"412","Will technology","Inside which should two help control thought what run amount guess safe age","Weapon","41"
"413","Shoulder commercial","Deep protect attack article age others ground machine the billion song television benefit","Weapon","27"
"414","Theory account","Actually whom clearly next involve gun wear project","Weapon","52"
"415","Food from","Head you reason buy public nice but right which play down","Food","9"
"416","Fact","Law case whether notice live figure nature rise","Electronics","13"
"417","Best","Election rule only fall sing data surface really","Electronics","67"
"418","Late guess","Board in billion sister through foot street expert travel reality teacher","Electronics","93"
"419","Allow have","Quickly this line able newspaper speak station your successful","Book","10"
"420","Possible no","Foreign dark enter politics evidence seek point compare only coach stage","Food","92"
"421","She TV","Blood life capital like mouth these popular at","Electronics","40"
"422","Why discuss","Contain voice rise foreign put later","Food","11"
"423","Fall check","Parent one man main east play whose step dream soon tend company","Electronics","72"
"424","With","Least suddenly son these race artist occur forward decision","Electronics","2"
"425","A management","Car speak sense onto adult image","Food","77"
"426","Gas throw","Security establish sure city far key agent usually important","Electronics","79"
"427","Work","Detail road meet wall author behavior for when generation care","Food","78"
"428","Unit smile","Somebody billion always beautiful president all north","Electronics","98"
"429","Win whatever","Billion today receive family side adult single guy","Food","62"
"430","Rather from","Difficult leader happy small ago boy value night","Book","80"
"431","Before treatment","Ability part common modern story have talk free","Book","90"
"432","Trade","Site stop ten wife position floor","Electronics","21"
"433","Authority","Sign chance especially certainly move answer conference everybody write camera","Weapon","1"
"434","Somebody","Oil bar number open social movie happy world reveal course stay","Weapon","68"
"435","Onto generation","Assume turn war son thus paper level worker pay their rather almost","Food","4"
"436","Democratic","Organization few use fund store woman","Book","34"
"437","Often as","Continue knowledge represent along window activity article act have edge travel","Food","98"
"438","Expert","Follow protect key forget century you opportunity fight simple","Book","34"
"439","Energy rule","Difference site personal buy four occur certain at wrong teacher","Food","75"
"440","Rock","According piece data bit rise party","Weapon","1"
"441","Black throughout","Bar do kind and medical level successful young matter those tell","Food","79"
"442","Look weight","Defense very fear always size friend man minute clear understand director Mrs huge with","Food","45"
"443","Could report","Bank off still second past candidate candidate six hope investment who two","Electronics","62"
"444","Happy","Information yet own number threat foot economic","Book","86"
"445","Always","Then research film value behind against","Electronics","6"
"446","Guy","Own have bill song federal nothing soon year appear phone card film","Electronics","84"
"447","Quickly","Care trouble kind fund glass five throw baby night else big morning next","Food","41"
"448","Hit skill","Reason program view seat lay level smile suffer","Food","77"
"449","To","Campaign military stay natural keep guy information wish","Book","96"
"450","From","Player challenge mean fly three whatever break card now","Book","87"
"451","Air","Work along blue kid amount seek environment hold","Book","72"
"452","Soon everybody","Enjoy life system cold drive loss speech public less strong consider nothing some","Book","45"
"453","American like","Environment better serve war bar threat money individual house blue natural town","Electronics","2"
"454","Up magazine","Seat song performance should amount person light how everything reality technology","Electronics","59"
"455","Hotel","Security own mean growth matter major maybe","Electronics","86"
"456","Enjoy church","Father may among right mouth religious work century","Food","75"
"457","Great health","So country we final stage concern situation thought","Electronics","28"
"458","Beat","Little model several officer base help official contain certain ok himself","Book","1"
"459","Number lawyer","Think share performance become movement six artist be follow grow","Food","22"
"460","Resource","Yourself partner officer remain tree into rich effort near red","Book","65"
"461","Energy","Despite street sometimes need just go","Weapon","2"
"462","Book mother","Eight agency life without knowledge believe attorney television bad year board director","Weapon","81"
"463","Life","Security everything church war real home accept Democrat maintain","Weapon","35"
"464","Book","Thus beautiful feel mission involve now cover","Weapon","67"
"465","Growth work","Mention do international traditional owner even everything discuss above court finish many","Food","24"
"466","Whole raise","Information no amount range modern determine inside cup","Weapon","22"
"467","Politics support","Everything mind short machine remember dark ball anything","Food","75"
"468","Address red","Peace part wish list traditional painting develop student half news because","Food","70"
"469","Future indicate","Gun without attorney large specific cup threat morning look partner machine","Food","66"
"470","Learn","Our people leader type already business","Food","41"
"471","Partner","Follow let check wife customer my left situation economic Mrs issue","Book","23"
"472","Behavior phone","Everybody money provide season set consumer you understand around green send image rate evidence","Food","60"
"473","Management past","Next not politics civil decision everything join oil line","Electronics","52"
"474","Power","Hour response enjoy four probably oil political think","Food","42"
"475","Mouth the","Bar condition choose easy both newspaper put eat listen action fall","Book","2"
"476","Mouth wait","Change federal dinner look not finally always","Electronics","46"
"477","Cultural","Side today enjoy instead indeed as interesting event professional","Food","14"
"478","Hold","More girl experience high let fish camera require there true production","Food","0"
"479","Field play","Control business page modern Mrs lose structure born down opportunity step","Electronics","49"
"480","As new","View simply though goal identify deep again life player week window early side","Book","6"
"481","Claim sort","Than director top last central gas answer music return interest wind law there","Weapon","24"
"482","Finish yes","Hotel what their dog institution arm catch wrong short if little speak relate","Weapon","92"
"483","Poor","Word Congress real bad general produce plan billion agreement more language stage","Electronics","1"
"484","Their","Attention entire example exactly man system kitchen space notice government citizen away media","Food","61"
"485","Question","Door attorney green trip then none","Weapon","9"
"486","Very move","Foot recently art run behavior how million analysis","Electronics","75"
"487","Civil stand","Night just actually page blue television worry a feel benefit for thousand drop","Weapon","84"
"488","Between heart","Most mind article painting learn shoulder green itself particular even part thus career","Book","87"
"489","Too personal","Office explain realize animal back only between investment from fund four quickly news room","Food","64"
"490","Future pay","True read fire car toward big leave","Weapon","19"
"491","He culture","Hospital window range forget sit save necessary officer bed cost understand two","Book","1"
"492","Nearly","Research state message action force official onto","Book","91"
"493","Model","One move everyone discuss arm yet science","Electronics","26"
"494","City picture","No board whether since yeah she fear","Book","79"
"495","Card","Begin partner tend important civil sense close or whatever available","Book","19"
"496","Financial","Glass part cup wall ahead require job everyone many laugh attack cause","Electronics","30"
"497","Nice","Though before happy than live him line decade most already room hour stay","Food","63"
"498","Less along","Affect exactly memory pay institution who wait fast","Book","52"
"499","Mark I","First generation of Iron Man suit","Suit","100"
"500","Mark II","Second generation of Iron Man suit","Suit","100"
"501","Mark III","Third generation of Iron Man suit","Suit","100"
"502","Mark IV","Forth generation of Iron Man suit","Suit","100"
"503","Mark V","SPace armor","Suit","100"
"504","Mark VII","Stealth armor","Suit","100"
"505","Mark XLII","L generation classic","Suit","100"
"506","Mark XLIV","Anti Hulk","Suit","100"
"507","Mark LXXXV","Infinity war suit","Suit","100"
"508","Mark L","End game suit","Suit","100"
"509","Mark XLII Hand","Only the hand component, bulletproof","WeSuitapon","100"
"510","Mark L Suitcase","Portable suitcase","Suit","100"
"511", "Space Stone", "Contained within the Tesseract, manipulates space", "Infinity Stone", "101"
"512", "Mind Stone", "Housed in the Vision's forehead, controls minds", "Infinity Stone", "101"
"513", "Reality Stone", "Also known as the Aether, alters reality", "Infinity Stone", "101"
"514", "Power Stone", "Unimaginable energy, destructive capabilities", "Infinity Stone", "101"
"515", "Time Stone", "Encased in the Eye of Agamotto, controls time", "Infinity Stone", "101"
"516", "Soul Stone", "Requires a sacrifice, traps souls", "Infinity Stone", "101"
"517", "Asgardian Armor", "Battle suit, offers enhanced protection", "Weapon", "101"
"518", "Vibranium Shield", "Near-indestructible circular shield", "Weapon", "101"
"519", "Mjolnir", "Enchanted hammer, only wieldable by the worthy", "Weapon", "101"
"520", "Stormbreaker", "Axe forged in Nidavellir, channels Bifrost", "Weapon", "101"
"521", "Super Soldier Serum", "Grants enhanced strength and agility", "Weapon", "100"
"522", "WWII Uniform", "Iconic battle outfit from World War II", "Weapon", "100"
"523", "Black Panther Suit", "Vibranium-weave suit, absorbs and redistributes energy", "Suit", "100"
"524", "Hawkeye's Bow", "High-tech composite bow, various trick arrows included", "Weapon", "100"
"525", "Ant-Man's Helmet", "Allows communication and control over ants", "Equipment", "100"
"526", "Wasp's Wings", "Compact, retractable wings for flight, equipped with stingers", "Equipment", "100"
"527", "Doctor Strange's Levitation", "Sentient cloak, grants the ability to fly", "Artifact", "100"
"528", "Ghost Rider's Chain", "Mystical chain that can transform and extend at will", "Weapon", "100"
"529", "Daredevil's Billy Club", "Multi-functional weapon, acts as a club, grappling hook, and cane", "Weapon", "100"
"530", "Spider-Man's Web Shooters", "Mechanical devices that shoot synthetic webbing", "Gadget", "100"
"531", "Iron Fist's Mask", "Traditional mask worn by the protector of K'un-Lun", "Gear", "100"
"532", "Star-Lord's Helmet", "Provides life support and translates alien languages", "Equipment", "100"
